{"cameraMode":{"drawMode":0,"name":"Shaded","section":"Shading Mode"},"sceneLighting":false,"audioPlay":false,"sceneViewState":{"showFog":true,"showMaterialUpdate":false,"showSkybox":false,"showFlares":true,"showImageEffects":true,"showParticleSystems":true},"in2DMode":false,"pivot":{"x":-2.9292852878570558,"y":0.7512770891189575,"z":-7.853893756866455},"rotation":{"x":-0.16596844792366029,"y":-0.028391918167471887,"z":0.004780446644872427,"w":-0.9857106804847717},"size":4.9526896476745609,"orthographic":false}