{"cameraMode":{"drawMode":0,"name":"Shaded","section":"Shading Mode"},"sceneLighting":true,"audioPlay":false,"sceneViewState":{"showFog":true,"showMaterialUpdate":false,"showSkybox":false,"showFlares":true,"showImageEffects":true,"showParticleSystems":true},"in2DMode":false,"pivot":{"x":0.06500005722045899,"y":0.5260000228881836,"z":0.17600005865097047},"rotation":{"x":-0.16596844792366029,"y":-0.028391918167471887,"z":0.004780446644872427,"w":-0.9857106804847717},"size":11.883081436157227,"orthographic":false}