{"cameraMode":{"drawMode":0,"name":"Shaded","section":"Shading Mode"},"sceneLighting":true,"audioPlay":false,"sceneViewState":{"showFog":true,"showMaterialUpdate":false,"showSkybox":true,"showFlares":true,"showImageEffects":true,"showParticleSystems":true},"in2DMode":false,"pivot":{"x":-4.105083465576172,"y":10.561920166015625,"z":-5.632940292358398},"rotation":{"x":-0.09571351855993271,"y":-0.05372517183423042,"z":0.005173533223569393,"w":-0.9939445853233337},"size":19.30862808227539,"orthographic":false}