{"cameraMode":{"drawMode":0,"name":"Shaded","section":"Shading Mode"},"sceneLighting":false,"audioPlay":false,"sceneViewState":{"showFog":true,"showMaterialUpdate":false,"showSkybox":false,"showFlares":true,"showImageEffects":true,"showParticleSystems":true},"in2DMode":false,"pivot":{"x":-3.2300000190734865,"y":0.7540000081062317,"z":1.0099999904632569},"rotation":{"x":-0.267343133687973,"y":-0.13273777067661286,"z":0.037209879606962207,"w":-0.9536895751953125},"size":4.572614669799805,"orthographic":false}