{"cameraMode":{"drawMode":0,"name":"Shaded","section":"Shading Mode"},"sceneLighting":true,"audioPlay":false,"sceneViewState":{"showFog":true,"showMaterialUpdate":false,"showSkybox":false,"showFlares":true,"showImageEffects":true,"showParticleSystems":true},"in2DMode":false,"pivot":{"x":-5.286624908447266,"y":1.200000286102295,"z":1.9961355924606324},"rotation":{"x":-0.267343133687973,"y":-0.13273777067661286,"z":0.037209879606962207,"w":-0.9536895751953125},"size":9.431017875671387,"orthographic":false}